dataset,exp,config,label,rounds,dP_per_round,time,threshold_round,threshold_frac,cut_mean,cut_max,cut_std,gap_pct_mean,gap_pct_best,mean_pairwise,median_pairwise,min_pairwise,max_pairwise,n_distinct,n_distinct_cuts,frozen_frac,entropy_bits,n_near,near_mean_pairwise,near_n_distinct
G22,0,baseline,baseline,4800,1.553743564765986e-05,3.7449677999829873,1838.2386447641302,0.38296638432586044,13305.3125,13342.0,20.412063681803463,0.40188262594505575,0.12725503405943558,0.3269264112903226,0.35524999999999995,0.0,0.4995,30,27,0.008,0.7511453958336317,24,0.266070652173913,22
G22,1,init1e-05,初期振幅 1e-05,4800,1.553743564765986e-05,3.846646099933423,1838.2386447641302,0.38296638432586044,13301.375,13330.0,14.376086915430081,0.4313571375102927,0.21708211692491952,0.33626209677419355,0.36324999999999996,0.0,0.5,30,23,0.0045,0.7817094931765892,25,0.31216333333333335,23
G22,1,init0.001,初期振幅 0.001,4800,1.553743564765986e-05,3.792149499990046,1838.2386447641302,0.38296638432586044,13301.6875,13330.0,14.451292113510128,0.42901789056067074,0.21708211692491952,0.3360504032258065,0.36275,0.0,0.5,30,23,0.0045,0.7810758808637617,25,0.3124,23
G22,1,init0.1,初期振幅 0.1,4800,1.553743564765986e-05,3.7569725000066683,1838.2386447641302,0.38296638432586044,13301.625,13330.0,13.943524482712396,0.42948573995059514,0.21708211692491952,0.33861995967741937,0.36524999999999996,0.031,0.5,32,25,0.007,0.7943432655645554,23,0.3133438735177866,23
G22,2,dp0.25x,ramp 0.25x,4800,3.884358911914965e-06,3.8130577000556514,7352.954579056521,1.0,13298.0,13333.0,16.338222057494505,0.4566210045662101,0.19462534620854854,0.29716733870967743,0.3135,0.0,0.498,12,9,0.0255,0.7114875145092933,13,0.24437179487179492,5
G22,2,dp4x,ramp 4x,4800,6.214974259063944e-05,3.875579799991101,459.55966119103255,0.09574159608146511,13236.9375,13318.0,204.3608844513793,0.9137098585223445,0.3069091997904035,0.40273185483870966,0.42325,0.1525,0.5,32,24,0.001,0.8998676017722901,4,0.23341666666666663,4
G22,2,dp16x,ramp 16x,4800,0.00024859897036255777,4.140724899945781,114.88991529775814,0.023935399020366278,13205.53125,13284.0,26.38534675605951,1.1488041769593533,0.5614192679092747,0.4289939516129032,0.44275,0.199,0.5,32,28,0.0,0.9423251578610083,0,nan,0
G22,2,dp64x,ramp 64x,4800,0.000994395881450231,4.176081100013107,28.722478824439534,0.005983849755091569,13086.375,13121.0,20.717972270470874,2.0407590388502137,1.7815704768320981,0.4537338709677419,0.4605,0.328,0.5,32,25,0.0,0.9525640930595288,0,nan,0
G22,3,noise10x,ノイズ 10x,4800,1.553743564765986e-05,3.735026099951938,1838.2386447641302,0.38296638432586044,13307.09375,13346.0,19.930126967420453,0.3885489183322105,0.09731267310427427,0.3274848790322581,0.35575,0.0,0.4995,31,24,0.0075,0.7516164685643592,24,0.26705797101449275,23
G22,3,noise100x,ノイズ 100x,4800,1.553743564765986e-05,3.6668126001022756,1838.2386447641302,0.38296638432586044,13304.875,13335.0,19.86792326842441,0.40515757167452654,0.1796541657309679,0.33007459677419354,0.37275,0.0,0.4985,31,25,0.004,0.7559933774391275,23,0.25916205533596837,22
G22,3,noise1000x,ノイズ 1000x,4800,1.553743564765986e-05,3.715658999979496,1838.2386447641302,0.38296638432586044,13305.34375,13348.0,22.486953682913565,0.40164870125009355,0.08234149262669362,0.33774495967741935,0.39975000000000005,0.0025,0.5,32,26,0.0025,0.7728641115100254,23,0.25564426877470353,23
G22,4,async0.5par,部分更新 f=0.5,9600,7.76871782382993e-06,7.696649299934506,3676.4772895282604,0.38296638432586044,13298.96875,13334.0,18.653894323639232,0.44936933902238196,0.18713975596975824,0.3403719758064516,0.3485,0.0,0.4995,30,20,0.017,0.7751337264641256,15,0.23435238095238098,15
G22,4,async0.25par,部分更新 f=0.25,19200,3.884358911914965e-06,13.050897400011308,7352.954579056521,0.38296638432586044,13296.78125,13333.0,15.739548863849306,0.46574406766973575,0.19462534620854854,0.3498860887096774,0.36175,0.0585,0.4995,32,25,0.024,0.7902070906916399,18,0.3200294117647059,18
G22,4,async0.5seq,逐次更新 f=0.5,9600,7.76871782382993e-06,10.810127299977466,3676.4772895282604,0.38296638432586044,13295.125,13331.0,14.570410941356458,0.4781420765027322,0.20959652668612921,0.33423891129032257,0.35324999999999995,0.0,0.499,25,20,0.0195,0.8562826759108939,18,0.3158137254901961,11
G22,4,async0.25seq,逐次更新 f=0.25,19200,3.884358911914965e-06,15.416066200006753,7352.954579056521,0.38296638432586044,13296.0625,13333.0,14.486928375262991,0.4711243356538663,0.19462534620854854,0.35895262096774194,0.37224999999999997,0.0675,0.4995,32,28,0.016,0.817609216475624,18,0.33662418300653596,18
G55,0,baseline,baseline,9600,2.520304854118271e-05,11.386604100000113,3535.4712588045695,0.368278256125476,10179.96875,10225.0,16.694842719759297,1.1557554131469074,0.7185163608117293,0.3867278225806452,0.39780000000000004,0.1334,0.499,32,26,0.0012,0.8667858318886027,0,nan,0
G55,1,init1e-05,初期振幅 1e-05,9600,2.520304854118271e-05,11.395203799940646,3535.4712588045695,0.368278256125476,10182.25,10223.0,12.673791855636576,1.1336052043887757,0.737935721914749,0.35581209677419356,0.3705,0.0986,0.5,32,23,0.0176,0.79014275555846,0,nan,0
G55,1,init0.001,初期振幅 0.001,9600,2.520304854118271e-05,11.369100000010803,3535.4712588045695,0.368278256125476,10184.25,10207.0,13.026415470113028,1.1141858432857559,0.8932906107389067,0.36750201612903227,0.3786,0.1454,0.4996,32,25,0.0008,0.8513484908984876,0,nan,0
G55,1,init0.1,初期振幅 0.1,9600,2.520304854118271e-05,11.68769379996229,3535.4712588045695,0.368278256125476,10178.46875,10206.0,14.493499351002159,1.1703199339741723,0.9030002912904166,0.4124899193548387,0.4193,0.2222,0.4996,32,25,0.0,0.9179815932396439,0,nan,0
G55,2,dp0.25x,ramp 0.25x,9600,6.3007621352956775e-06,11.542698300094344,14141.885035218278,1.0,10184.28125,10200.0,12.833633485396877,1.1138824157685212,0.9612583745994756,0.27191250000000006,0.2559,0.0024,0.5,32,17,0.1358,0.6051419715074844,0,nan,0
G55,2,dp4x,ramp 4x,9600,0.00010081219416473084,11.288362099905498,883.8678147011424,0.092069564031369,10153.78125,10194.0,18.639230092401885,1.410027672589572,1.019516457908535,0.4231266129032258,0.4338,0.253,0.4996,32,26,0.0,0.9186185997604691,0,nan,0
G55,2,dp16x,ramp 16x,9600,0.00040324877665892336,12.034902599989437,220.9669536752856,0.02301739100784225,10101.28125,10144.0,18.048951449807273,1.9197859015438392,1.5050004854840275,0.45131935483870966,0.4587,0.257,0.4998,32,25,0.0,0.9544642872301423,0,nan,0
G55,2,dp64x,ramp 64x,9600,0.0016129951066356934,13.005441299988888,55.2417384188214,0.005754347751960562,10014.8125,10084.0,25.219582545117593,2.759369841732207,2.087581318574619,0.46619032258064513,0.47050000000000003,0.33,0.5,32,28,0.0,0.9661229735314715,0,nan,0
G55,3,noise10x,ノイズ 10x,9600,2.520304854118271e-05,11.145488200010732,3535.4712588045695,0.368278256125476,10179.8125,10212.0,12.508590797927639,1.1572725507330808,0.8447422079813574,0.4017471774193548,0.4129,0.1492,0.4996,32,25,0.0006,0.9091692298041951,0,nan,0
G55,3,noise100x,ノイズ 100x,9600,2.520304854118271e-05,11.33914639998693,3535.4712588045695,0.368278256125476,10173.65625,10196.0,13.049447725382864,1.2170477716283135,1.0000970968055152,0.4120270161290322,0.42169999999999996,0.1584,0.4998,32,24,0.0,0.9212535074806394,0,nan,0
G55,3,noise1000x,ノイズ 1000x,9600,2.520304854118271e-05,11.489326000097208,3535.4712588045695,0.368278256125476,10180.21875,10205.0,15.735577473912421,1.1533279930090299,0.9127099718419265,0.4210645161290323,0.4284,0.2208,0.4998,32,25,0.0002,0.9243202945110678,0,nan,0
G55,4,async0.5par,部分更新 f=0.5,19200,1.2601524270591355e-05,23.33600110001862,7070.942517609139,0.368278256125476,10176.59375,10203.0,14.19696132760458,1.1885255850082532,0.932129332944946,0.371591129032258,0.381,0.1344,0.4974,32,25,0.0012,0.894034828849023,0,nan,0
G55,4,async0.25par,部分更新 f=0.25,38400,6.3007621352956775e-06,32.45892989996355,14141.885035218278,0.368278256125476,10176.875,10212.0,14.273555093248493,1.185794737353141,0.8447422079813574,0.3908346774193548,0.4031,0.1198,0.4994,32,22,0.0034,0.8747156623327386,0,nan,0
G55,4,async0.5seq,逐次更新 f=0.5,19200,1.2601524270591355e-05,32.00539289996959,7070.942517609139,0.368278256125476,10180.75,10213.0,14.190665946318376,1.1481697252160403,0.8350325274298475,0.3641556451612903,0.3724,0.115,0.4988,32,24,0.0032,0.8272070738800372,0,nan,0
G55,4,async0.25seq,逐次更新 f=0.25,38400,6.3007621352956775e-06,40.93680340005085,14141.885035218278,0.368278256125476,10178.4375,10206.0,13.167045748762325,1.170623361491407,0.9030002912904166,0.381158064516129,0.389,0.0822,0.4996,32,24,0.0046,0.8859849897678154,0,nan,0
G70,0,baseline,baseline,4800,8.842480587996874e-06,10.05113350006286,4403.557761416315,0.9174078669617323,9479.625,9501.0,13.690210918755051,1.1612449171097905,0.9383797309978105,0.3810163306451613,0.38995,0.1435,0.4997,32,26,0.0133,0.8247869322661642,0,nan,0
G70,1,init1e-05,初期振幅 1e-05,4800,8.842480587996874e-06,9.862927200039849,4403.557761416315,0.9174078669617323,9480.5625,9499.0,11.352140491995332,1.15147012824523,0.9592326139088728,0.37613084677419356,0.38295,0.1186,0.4996,32,24,0.0972,0.7788328361786329,0,nan,0
G70,1,init0.001,初期振幅 0.001,4800,8.842480587996874e-06,9.70335820002947,4403.557761416315,0.9174078669617323,9480.5625,9499.0,11.352140491995332,1.15147012824523,0.9592326139088728,0.37613084677419356,0.38295,0.1186,0.4996,32,24,0.0972,0.7788328361786329,0,nan,0
G70,1,init0.1,初期振幅 0.1,4800,8.842480587996874e-06,9.646397999953479,4403.557761416315,0.9174078669617323,9480.5625,9499.0,11.352140491995332,1.15147012824523,0.9592326139088728,0.37613084677419356,0.38295,0.1186,0.4996,32,24,0.0972,0.7788328361786329,0,nan,0
G70,2,dp0.25x,ramp 0.25x,4800,2.2106201469992186e-06,9.636338700074703,17614.23104566526,1.0,9453.09375,9468.0,7.592592504375564,1.4378714419768532,1.282452299030341,0.3332040322580645,0.34855,0.0939,0.4991,32,18,0.197,0.6844556071447844,0,nan,0
G70,2,dp4x,ramp 4x,4800,3.53699223519875e-05,9.706573799951002,1100.8894403540787,0.22935196674043307,9455.03125,9478.0,12.130757331572502,1.4176702116567617,1.1781878844750286,0.4009485887096774,0.41415,0.2117,0.4992,32,25,0.0,0.9045468977325342,0,nan,0
G70,2,dp16x,ramp 16x,4800,0.00014147968940795,10.705122799961828,275.2223600885197,0.05733799168510827,9411.53125,9465.0,16.831860367692574,1.87122041497237,1.3137316233969347,0.4477502016129033,0.4545,0.2701,0.4999,32,20,0.0,0.9491745144501345,0,nan,0
G70,2,dp64x,ramp 64x,4800,0.0005659187576318,11.750742500065826,68.80559002212992,0.014334497921277067,9350.90625,9392.0,17.68714111826725,2.5033234282139505,2.074861849650714,0.47373608870967737,0.47775,0.4029,0.4999,32,28,0.0,0.9679703343549876,0,nan,0
G70,3,noise10x,ノイズ 10x,4800,8.842480587996874e-06,9.922380800009705,4403.557761416315,0.9174078669617323,9478.125,9505.0,14.280121673151108,1.1768845792930873,0.8966739651756854,0.3890540322580645,0.39805,0.1393,0.4993,32,24,0.0155,0.8428040235957563,0,nan,0
G70,3,noise100x,ノイズ 100x,4800,8.842480587996874e-06,9.707763600046746,4403.557761416315,0.9174078669617323,9476.28125,9503.0,14.394517999485082,1.196108330726723,0.917526848086748,0.4003502016129032,0.406,0.1572,0.4985,32,24,0.0,0.8698862851216294,0,nan,0
G70,3,noise1000x,ノイズ 1000x,4800,8.842480587996874e-06,9.646204399992712,4403.557761416315,0.9174078669617323,9475.46875,9501.0,11.616218121122726,1.2045798144093423,0.9383797309978105,0.41389717741935483,0.42245,0.2012,0.5,32,20,0.0007,0.9038848711719784,0,nan,0
G70,4,async0.5par,部分更新 f=0.5,9600,4.421240293998437e-06,20.322696899995208,8807.11552283263,0.9174078669617323,9483.09375,9506.0,14.094235024913555,1.1250781983109164,0.8862475237201543,0.37047116935483865,0.38215,0.1366,0.4997,32,22,0.0204,0.8013703373709125,0,nan,0
G70,4,async0.25par,部分更新 f=0.25,19200,2.2106201469992186e-06,27.509761199937202,17614.23104566526,0.9174078669617323,9479.28125,9501.0,11.446163044334988,1.1648290063601292,0.9383797309978105,0.37177419354838703,0.37485,0.1323,0.499,32,24,0.0,0.8745358303936653,0,nan,0
G70,4,async0.5seq,逐次更新 f=0.5,9600,4.421240293998437e-06,27.159346000058576,8807.11552283263,0.9174078669617323,9486.71875,9507.0,11.702655614752576,1.0872823480346159,0.8758210822646231,0.35626008064516124,0.3619,0.1446,0.4999,32,24,0.0424,0.7705994857589876,0,nan,0
G70,4,async0.25seq,逐次更新 f=0.25,19200,2.2106201469992186e-06,33.79765279998537,17614.23104566526,0.9174078669617323,9476.1875,9491.0,11.209475623328684,1.1970858096131791,1.0426441455531228,0.3707256048387097,0.37705,0.1417,0.4994,32,20,0.0988,0.7767386582232675,0,nan,0
